{
  "uid" : "b1a8273437954620fa374b796ffaacdd",
  "name" : "behaviors",
  "children" : [ {
    "name" : "get请求实现登录",
    "uid" : "775201c98d5e3a30",
    "parentUid" : "b1a8273437954620fa374b796ffaacdd",
    "status" : "failed",
    "time" : {
      "start" : 1611727379651,
      "stop" : 1611727379762,
      "duration" : 111
    },
    "flaky" : false,
    "newFailed" : false,
    "parameters" : [ "['case_001', 'get请求实现登录', 'login', '', 'get', 'params', '', '{\"username\": \"admin\", \"password\": \"\"}', '', '{\"$.meta.code\":400}']" ]
  }, {
    "name" : "post请求实现登录",
    "uid" : "a7f4cefbb5f96a28",
    "parentUid" : "b1a8273437954620fa374b796ffaacdd",
    "status" : "passed",
    "time" : {
      "start" : 1611727379836,
      "stop" : 1611727380017,
      "duration" : 181
    },
    "flaky" : false,
    "newFailed" : false,
    "parameters" : [ "['case_002', 'post请求实现登录', 'login', '写', 'post', 'data', '', '{\"username\": \"admin\", \"password\": \"123456\"}', 'select * from user where id=&$.case_002.data.id&;', '{\"$.meta\":{ \"msg\": \"登录成功\", \"status\": 200 }}']" ]
  }, {
    "name" : "get请求查询用户数据列表",
    "uid" : "c78627aa4a5a8921",
    "parentUid" : "b1a8273437954620fa374b796ffaacdd",
    "status" : "passed",
    "time" : {
      "start" : 1611727380024,
      "stop" : 1611727380194,
      "duration" : 170
    },
    "flaky" : false,
    "newFailed" : false,
    "parameters" : [ "['case_003', 'get请求查询用户数据列表', 'users', '读', 'get', 'params', '', '{\"pagenum\": 1, \"pagesize\": \"12\", \"meta\": &$.case_002.data.meta&, \"userId\": &$.case_002.data.id&}', '', '{\"$.meta\":{\"msg\": \"获取管理员列表成功\", \"status\": 200}}']" ]
  }, {
    "name" : "get请求查询用户数据列表",
    "uid" : "f1600089f14cf0d7",
    "parentUid" : "b1a8273437954620fa374b796ffaacdd",
    "status" : "failed",
    "time" : {
      "start" : 1611727380199,
      "stop" : 1611727380256,
      "duration" : 57
    },
    "flaky" : false,
    "newFailed" : false,
    "parameters" : [ "['case_004', 'get请求查询用户数据列表', 'users', '', 'get', 'data', '', '{\"pagenum\": 1, \"pagesize\": \"12\", \"msg\": &$.msg&}', '', '{\"$.meta\":{\"msg\": \"获取管理员列表成功\", \"status\": 200}}']" ]
  }, {
    "name" : "添加用户正常接口数据",
    "uid" : "1115b273d1a7588e",
    "parentUid" : "b1a8273437954620fa374b796ffaacdd",
    "status" : "passed",
    "time" : {
      "start" : 1611727380270,
      "stop" : 1611727380469,
      "duration" : 199
    },
    "flaky" : false,
    "newFailed" : false,
    "parameters" : [ "['case_005', '添加用户正常接口数据', 'users', '读', 'post', 'data', '', '{\"username\": \"tery\",\"password\": \"123456\"}', '', '{\"$.meta\":{\"msg\":\"创建成功\",\"status\":201}}']" ]
  }, {
    "name" : "修改用户状态接口",
    "uid" : "8635dce19545396f",
    "parentUid" : "b1a8273437954620fa374b796ffaacdd",
    "status" : "passed",
    "time" : {
      "start" : 1611727380475,
      "stop" : 1611727380541,
      "duration" : 66
    },
    "flaky" : false,
    "newFailed" : false,
    "parameters" : [ "['case_006', '修改用户状态接口', 'users/&$.case_005.data.id&/state/&$.case_005.data.careate_time&', '读', 'put', 'data', '', '', '', '{\"$.meta\":{\"msg\": \"设置状态成功\", \"status\": 200}}']" ]
  }, {
    "name" : "修改用户状态为2",
    "uid" : "4970b263bd143b68",
    "parentUid" : "b1a8273437954620fa374b796ffaacdd",
    "status" : "passed",
    "time" : {
      "start" : 1611727380546,
      "stop" : 1611727380611,
      "duration" : 65
    },
    "flaky" : false,
    "newFailed" : false,
    "parameters" : [ "['case_007', '修改用户状态为2', 'users/&$.case_005.data.id&/state/2', '读', 'put', 'data', '', '', '', '{\"$.meta\":{\"msg\": \"设置状态成功\", \"status\": 200}}']" ]
  }, {
    "name" : "删除用户zy7y",
    "uid" : "a16534ded807893",
    "parentUid" : "b1a8273437954620fa374b796ffaacdd",
    "status" : "passed",
    "time" : {
      "start" : 1611727380615,
      "stop" : 1611727380689,
      "duration" : 74
    },
    "flaky" : false,
    "newFailed" : false,
    "parameters" : [ "['case_008', '删除用户zy7y', 'users/&$.case_005.data.id&', '读', 'delete', 'params', '', '', '', '{\"$.meta\":{\"msg\": \"删除成功\", \"status\": 200}}']" ]
  }, {
    "name" : "本地添加用户，测试数据库备份",
    "uid" : "5363b4ff311218d8",
    "parentUid" : "b1a8273437954620fa374b796ffaacdd",
    "status" : "failed",
    "time" : {
      "start" : 1611727380696,
      "stop" : 1611727380750,
      "duration" : 54
    },
    "flaky" : false,
    "newFailed" : false,
    "parameters" : [ "['case_013', '本地添加用户，测试数据库备份', 'users/', '', 'post', 'data', '', '', '', '{\"$.msg\": \"成功\"}']" ]
  }, {
    "name" : "调试运算新功能",
    "uid" : "8e8882fe810305d4",
    "parentUid" : "b1a8273437954620fa374b796ffaacdd",
    "status" : "failed",
    "time" : {
      "start" : 1611727380763,
      "stop" : 1611727380933,
      "duration" : 170
    },
    "flaky" : false,
    "newFailed" : false,
    "parameters" : [ "['case_017', '调试运算新功能', 'users/', '读', 'post', 'data', '', '{\"username\": \"tery\",\"password\": \"eval`1+2`\"}', '', '{\"$.msg\": \"成功\"}']" ]
  }, {
    "name" : "调试运算新功能,从响应提取后运算",
    "uid" : "9100d8f4e1fc0167",
    "parentUid" : "b1a8273437954620fa374b796ffaacdd",
    "status" : "failed",
    "time" : {
      "start" : 1611727380944,
      "stop" : 1611727380988,
      "duration" : 44
    },
    "flaky" : false,
    "newFailed" : false,
    "parameters" : [ "['case_018', '调试运算新功能,从响应提取后运算', 'users/', '读', 'post', 'data', '', '{\"username\": \"tery\",\"password\": eval`&$.case_002.data.id&+500`}', '', '{\"$.msg\": \"成功\"}']" ]
  }, {
    "name" : "调试运算新功能,从path需要运算",
    "uid" : "3df58905af4378fb",
    "parentUid" : "b1a8273437954620fa374b796ffaacdd",
    "status" : "failed",
    "time" : {
      "start" : 1611727380998,
      "stop" : 1611727381044,
      "duration" : 46
    },
    "flaky" : false,
    "newFailed" : false,
    "parameters" : [ "['case_019', '调试运算新功能,从path需要运算', 'users/eval`&$.case_005.data.id&*2`/', '读', 'put', 'data', '', '', '', '{\"$.meta\":{\"msg\": \"设置状态成功\", \"status\": 200}}']" ]
  } ]
}