[ {
  "uid" : "8e8882fe810305d4",
  "name" : "调试运算新功能",
  "time" : {
    "start" : 1611727380763,
    "stop" : 1611727380933,
    "duration" : 170
  },
  "status" : "failed",
  "severity" : "normal"
}, {
  "uid" : "4970b263bd143b68",
  "name" : "修改用户状态为2",
  "time" : {
    "start" : 1611727380546,
    "stop" : 1611727380611,
    "duration" : 65
  },
  "status" : "passed",
  "severity" : "normal"
}, {
  "uid" : "1115b273d1a7588e",
  "name" : "添加用户正常接口数据",
  "time" : {
    "start" : 1611727380270,
    "stop" : 1611727380469,
    "duration" : 199
  },
  "status" : "passed",
  "severity" : "normal"
}, {
  "uid" : "c78627aa4a5a8921",
  "name" : "get请求查询用户数据列表",
  "time" : {
    "start" : 1611727380024,
    "stop" : 1611727380194,
    "duration" : 170
  },
  "status" : "passed",
  "severity" : "normal"
}, {
  "uid" : "8635dce19545396f",
  "name" : "修改用户状态接口",
  "time" : {
    "start" : 1611727380475,
    "stop" : 1611727380541,
    "duration" : 66
  },
  "status" : "passed",
  "severity" : "normal"
}, {
  "uid" : "9100d8f4e1fc0167",
  "name" : "调试运算新功能,从响应提取后运算",
  "time" : {
    "start" : 1611727380944,
    "stop" : 1611727380988,
    "duration" : 44
  },
  "status" : "failed",
  "severity" : "normal"
}, {
  "uid" : "a16534ded807893",
  "name" : "删除用户zy7y",
  "time" : {
    "start" : 1611727380615,
    "stop" : 1611727380689,
    "duration" : 74
  },
  "status" : "passed",
  "severity" : "normal"
}, {
  "uid" : "a7f4cefbb5f96a28",
  "name" : "post请求实现登录",
  "time" : {
    "start" : 1611727379836,
    "stop" : 1611727380017,
    "duration" : 181
  },
  "status" : "passed",
  "severity" : "normal"
}, {
  "uid" : "5363b4ff311218d8",
  "name" : "本地添加用户，测试数据库备份",
  "time" : {
    "start" : 1611727380696,
    "stop" : 1611727380750,
    "duration" : 54
  },
  "status" : "failed",
  "severity" : "normal"
}, {
  "uid" : "775201c98d5e3a30",
  "name" : "get请求实现登录",
  "time" : {
    "start" : 1611727379651,
    "stop" : 1611727379762,
    "duration" : 111
  },
  "status" : "failed",
  "severity" : "normal"
}, {
  "uid" : "f1600089f14cf0d7",
  "name" : "get请求查询用户数据列表",
  "time" : {
    "start" : 1611727380199,
    "stop" : 1611727380256,
    "duration" : 57
  },
  "status" : "failed",
  "severity" : "normal"
}, {
  "uid" : "3df58905af4378fb",
  "name" : "调试运算新功能,从path需要运算",
  "time" : {
    "start" : 1611727380998,
    "stop" : 1611727381044,
    "duration" : 46
  },
  "status" : "failed",
  "severity" : "normal"
} ]